INSERT INTO public.product
(product_id, product_description, product_name, product_price, category_category_id, category_id)
VALUES(2, 'Fresh milk', 'Milk', 22.88, NULL, NULL);
INSERT INTO public.product
(product_id, product_description, product_name, product_price, category_category_id, category_id)
VALUES(3, 'Cheddar Cheese', 'Cheese', 78.0, NULL, NULL);
INSERT INTO public.product
(product_id, product_description, product_name, product_price, category_category_id, category_id)
VALUES(4, 'Jacobs coffee', 'Coffee', 102.5, NULL, NULL);
INSERT INTO public.product
(product_id, product_description, product_name, product_price, category_category_id, category_id)
VALUES(5, 'Tastic brown rice', 'Rice', 30.5, NULL, NULL);
INSERT INTO public.product
(product_id, product_description, product_name, product_price, category_category_id, category_id)
VALUES(6, '', 'Nivea Body lotion', 43.48, NULL, NULL);
INSERT INTO public.product
(product_id, product_description, product_name, product_price, category_category_id, category_id)
VALUES(7, '', 'Foam Bath', 45.0, NULL, NULL);
INSERT INTO public.product
(product_id, product_description, product_name, product_price, category_category_id, category_id)
VALUES(8, '', 'Roll on', 15.0, NULL, NULL);
INSERT INTO public.product
(product_id, product_description, product_name, product_price, category_category_id, category_id)
VALUES(9, '', 'Tooth Paste', 99.99, NULL, NULL);
INSERT INTO public.product
(product_id, product_description, product_name, product_price, category_category_id, category_id)
VALUES(11, 'Sunlight Dishwash Liquid 750ml', 'Sunlight Dishwash', 100.0, NULL, NULL);
INSERT INTO public.product
(product_id, product_description, product_name, product_price, category_category_id, category_id)
VALUES(13, '', 'Fabric softer refill', 25.0, NULL, NULL);
INSERT INTO public.product
(product_id, product_description, product_name, product_price, category_category_id, category_id)
VALUES(14, '', 'Ariel hand wash powder', 100.0, NULL, NULL);
INSERT INTO public.product
(product_id, product_description, product_name, product_price, category_category_id, category_id)
VALUES(15, '', 'Nescafe Gold Jar', 95.0, NULL, NULL);
INSERT INTO public.product
(product_id, product_description, product_name, product_price, category_category_id, category_id)
VALUES(1, 'Himalayan salts', 'Salt', 23.87, NULL, NULL);
INSERT INTO public.product
(product_id, product_description, product_name, product_price, category_category_id, category_id)
VALUES(16, '', 'Peanut Butter', 63.0, NULL, NULL);
INSERT INTO public.product
(product_id, product_description, product_name, product_price, category_category_id, category_id)
VALUES(17, '', 'Fish', 20.0, NULL, NULL);
INSERT INTO public.product
(product_id, product_description, product_name, product_price, category_category_id, category_id)
VALUES(18, '', 'Toilet Paper ', 80.0, NULL, NULL);
INSERT INTO public.product
(product_id, product_description, product_name, product_price, category_category_id, category_id)
VALUES(10, '', 'Dettol Floor Cleaner', 100.0, NULL, NULL);
INSERT INTO public.product
(product_id, product_description, product_name, product_price, category_category_id, category_id)
VALUES(20, '', 'pads', 60.0, NULL, NULL);
INSERT INTO public.product
(product_id, product_description, product_name, product_price, category_category_id, category_id)
VALUES(21, '', 'Hand Wash', 40.0, NULL, NULL);
INSERT INTO public.product
(product_id, product_description, product_name, product_price, category_category_id, category_id)
VALUES(22, '', 'Vaseline', 60.0, NULL, NULL);
INSERT INTO public.product
(product_id, product_description, product_name, product_price, category_category_id, category_id)
VALUES(23, '', 'Gloves', 90.0, NULL, NULL);
INSERT INTO public.product
(product_id, product_description, product_name, product_price, category_category_id, category_id)
VALUES(24, '', 'Wood Polish', 43.0, NULL, NULL);
INSERT INTO public.product
(product_id, product_description, product_name, product_price, category_category_id, category_id)
VALUES(25, '', 'Tea', 75.0, NULL, NULL);
INSERT INTO public.product
(product_id, product_description, product_name, product_price, category_category_id, category_id)
VALUES(26, '', 'Kitchen towel', 49.0, NULL, NULL);
INSERT INTO public.product
(product_id, product_description, product_name, product_price, category_category_id, category_id)
VALUES(27, '', 'Fish', 218.0, NULL, NULL);
INSERT INTO public.product
(product_id, product_description, product_name, product_price, category_category_id, category_id)
VALUES(28, '', 'Bath Soap', 200.0, NULL, NULL);
INSERT INTO public.product
(product_id, product_description, product_name, product_price, category_category_id, category_id)
VALUES(29, '', 'Washing powder', 100.0, NULL, NULL);
INSERT INTO public.product
(product_id, product_description, product_name, product_price, category_category_id, category_id)
VALUES(30, '', 'Hapic', 100.0, NULL, NULL);
INSERT INTO public.product
(product_id, product_description, product_name, product_price, category_category_id, category_id)
VALUES(31, '5 chicken in a bag', 'Chicken', 200.0, NULL, NULL);
INSERT INTO public.product
(product_id, product_description, product_name, product_price, category_category_id, category_id)
VALUES(32, 'Petrolium Jelly', 'Johnson Baby Jelly', 30.0, NULL, NULL);
INSERT INTO public.product
(product_id, product_description, product_name, product_price, category_category_id, category_id)
VALUES(33, 'Calcate Triple Action Toothpaste', 'Colcate ', 99.99, NULL, NULL);
INSERT INTO public.product
(product_id, product_description, product_name, product_price, category_category_id, category_id)
VALUES(34, 'Cleaning Gel', 'Harpic White and Shine', 40.0, NULL, NULL);
INSERT INTO public.product
(product_id, product_description, product_name, product_price, category_category_id, category_id)
VALUES(12, 'Citrius Liquid', 'Harpic White and Shine', 20.0, NULL, NULL);
INSERT INTO public.product
(product_id, product_description, product_name, product_price, category_category_id, category_id)
VALUES(35, 'Harpic White and Shite Lavendar', 'Harpic White and Shite', 20.0, NULL, NULL);
INSERT INTO public.product
(product_id, product_description, product_name, product_price, category_category_id, category_id)
VALUES(37, '', 'Luck Star Pilcards', 218.95, NULL, NULL);
INSERT INTO public.product
(product_id, product_description, product_name, product_price, category_category_id, category_id)
VALUES(38, 'Disfentction liquid', 'Bath washing Liquid', 73.5, NULL, NULL);
INSERT INTO public.product
(product_id, product_description, product_name, product_price, category_category_id, category_id)
VALUES(39, '57.9', 'Woman Pads', 0.0, NULL, NULL);
INSERT INTO public.product
(product_id, product_description, product_name, product_price, category_category_id, category_id)
VALUES(40, '', 'Banana', 42.95, NULL, NULL);
INSERT INTO public.product
(product_id, product_description, product_name, product_price, category_category_id, category_id)
VALUES(41, '', 'Furniture Polish', 43.95, NULL, NULL);
INSERT INTO public.product
(product_id, product_description, product_name, product_price, category_category_id, category_id)
VALUES(42, '', 'Toiltet Cleaner', 41.95, NULL, NULL);
INSERT INTO public.product
(product_id, product_description, product_name, product_price, category_category_id, category_id)
VALUES(43, '', 'Bleach', 40.95, NULL, NULL);
INSERT INTO public.product
(product_id, product_description, product_name, product_price, category_category_id, category_id)
VALUES(44, '', 'Sanitizer', 28.25, NULL, NULL);
INSERT INTO public.product
(product_id, product_description, product_name, product_price, category_category_id, category_id)
VALUES(45, '', 'Kitched Cloves', 23.95, NULL, NULL);
INSERT INTO public.product
(product_id, product_description, product_name, product_price, category_category_id, category_id)
VALUES(47, '', 'vegetables and Fruits', 700.0, NULL, NULL);
INSERT INTO public.product
(product_id, product_description, product_name, product_price, category_category_id, category_id)
VALUES(19, 'detergent', 'Jik', 123.0, NULL, NULL);


INSERT INTO public.monthly_grocery
(monthly_grocery_id, budget_amount, end_date, period, start_date)
VALUES(1, 5500.0, '2020-01-31', 'January 2020', '2020-01-01');
INSERT INTO public.monthly_grocery
(monthly_grocery_id, budget_amount, end_date, period, start_date)
VALUES(2, 5500.0, '2020-02-29', 'February 2020', '2020-02-01');
INSERT INTO public.monthly_grocery
(monthly_grocery_id, budget_amount, end_date, period, start_date)
VALUES(3, 5500.0, '2020-03-29', 'March 2020', '2020-03-01');
INSERT INTO public.monthly_grocery
(monthly_grocery_id, budget_amount, end_date, period, start_date)
VALUES(4, 5500.0, '2020-04-30', 'April 2020', '2020-04-01');
INSERT INTO public.monthly_grocery
(monthly_grocery_id, budget_amount, end_date, period, start_date)
VALUES(5, 5500.0, '2020-05-30', 'May 2020', '2020-05-01');
INSERT INTO public.monthly_grocery
(monthly_grocery_id, budget_amount, end_date, period, start_date)
VALUES(6, 5500.0, '2020-06-30', 'June 2020', '2020-06-01');
INSERT INTO public.monthly_grocery
(monthly_grocery_id, budget_amount, end_date, period, start_date)
VALUES(7, 5500.0, '2020-07-30', 'July 2020', '2020-07-01');
INSERT INTO public.monthly_grocery
(monthly_grocery_id, budget_amount, end_date, period, start_date)
VALUES(8, 5500.0, '2020-08-30', 'August 2020', '2020-08-01');
INSERT INTO public.monthly_grocery
(monthly_grocery_id, budget_amount, end_date, period, start_date)
VALUES(9, 5500.0, '2020-05-30', 'September 2020', '2020-09-01');
INSERT INTO public.monthly_grocery
(monthly_grocery_id, budget_amount, end_date, period, start_date)
VALUES(10, 6000.0, '2020-10-31', 'October 2020', '2020-10-01');
INSERT INTO public.monthly_grocery
(monthly_grocery_id, budget_amount, end_date, period, start_date)
VALUES(14, 5000.0, '2020-11-30', 'November 2020', '2020-11-01');
INSERT INTO public.monthly_grocery
(monthly_grocery_id, budget_amount, end_date, period, start_date)
VALUES(15, 5000.0, '2020-12-31', 'December 2020', '2020-12-01');


INSERT INTO public.grocery_item
(grocery_item_id, actual_price, quantity, monthly_grocery_id, product_id)
VALUES(33, 20.0, 1, 9, 10);
INSERT INTO public.grocery_item
(grocery_item_id, actual_price, quantity, monthly_grocery_id, product_id)
VALUES(9, 40.0, 2, 9, 6);
INSERT INTO public.grocery_item
(grocery_item_id, actual_price, quantity, monthly_grocery_id, product_id)
VALUES(11, 63.0, 1, 9, 16);
INSERT INTO public.grocery_item
(grocery_item_id, actual_price, quantity, monthly_grocery_id, product_id)
VALUES(12, 218.0, 1, 9, 17);
INSERT INTO public.grocery_item
(grocery_item_id, actual_price, quantity, monthly_grocery_id, product_id)
VALUES(13, 200.0, 1, 9, 28);
INSERT INTO public.grocery_item
(grocery_item_id, actual_price, quantity, monthly_grocery_id, product_id)
VALUES(14, 79.0, 3, 9, 18);
INSERT INTO public.grocery_item
(grocery_item_id, actual_price, quantity, monthly_grocery_id, product_id)
VALUES(15, 100.0, 1, 9, 13);
INSERT INTO public.grocery_item
(grocery_item_id, actual_price, quantity, monthly_grocery_id, product_id)
VALUES(16, 100.0, 2, 9, 29);
INSERT INTO public.grocery_item
(grocery_item_id, actual_price, quantity, monthly_grocery_id, product_id)
VALUES(17, 100.0, 1, 9, 9);
INSERT INTO public.grocery_item
(grocery_item_id, actual_price, quantity, monthly_grocery_id, product_id)
VALUES(18, 100.0, 1, 9, 8);
INSERT INTO public.grocery_item
(grocery_item_id, actual_price, quantity, monthly_grocery_id, product_id)
VALUES(19, 100.0, 1, 9, 30);
INSERT INTO public.grocery_item
(grocery_item_id, actual_price, quantity, monthly_grocery_id, product_id)
VALUES(20, 100.0, 1, 9, 11);
INSERT INTO public.grocery_item
(grocery_item_id, actual_price, quantity, monthly_grocery_id, product_id)
VALUES(21, 100.0, 1, 9, 6);
INSERT INTO public.grocery_item
(grocery_item_id, actual_price, quantity, monthly_grocery_id, product_id)
VALUES(22, 60.0, 1, 9, 20);
INSERT INTO public.grocery_item
(grocery_item_id, actual_price, quantity, monthly_grocery_id, product_id)
VALUES(24, 40.0, 1, 9, 21);
INSERT INTO public.grocery_item
(grocery_item_id, actual_price, quantity, monthly_grocery_id, product_id)
VALUES(25, 60.0, 1, 9, 22);
INSERT INTO public.grocery_item
(grocery_item_id, actual_price, quantity, monthly_grocery_id, product_id)
VALUES(26, 90.0, 1, 9, 23);
INSERT INTO public.grocery_item
(grocery_item_id, actual_price, quantity, monthly_grocery_id, product_id)
VALUES(27, 100.0, 1, 9, 10);
INSERT INTO public.grocery_item
(grocery_item_id, actual_price, quantity, monthly_grocery_id, product_id)
VALUES(28, 43.0, 1, 9, 24);
INSERT INTO public.grocery_item
(grocery_item_id, actual_price, quantity, monthly_grocery_id, product_id)
VALUES(30, 75.0, 1, 9, 25);
INSERT INTO public.grocery_item
(grocery_item_id, actual_price, quantity, monthly_grocery_id, product_id)
VALUES(31, 49.0, 1, 9, 26);
INSERT INTO public.grocery_item
(grocery_item_id, actual_price, quantity, monthly_grocery_id, product_id)
VALUES(32, 12.0, 1, 9, 14);
INSERT INTO public.grocery_item
(grocery_item_id, actual_price, quantity, monthly_grocery_id, product_id)
VALUES(67, 200.0, 1, 9, 31);
INSERT INTO public.grocery_item
(grocery_item_id, actual_price, quantity, monthly_grocery_id, product_id)
VALUES(68, 23.95, 1, 9, 45);
INSERT INTO public.grocery_item
(grocery_item_id, actual_price, quantity, monthly_grocery_id, product_id)
VALUES(69, 28.25, 1, 9, 44);
INSERT INTO public.grocery_item
(grocery_item_id, actual_price, quantity, monthly_grocery_id, product_id)
VALUES(70, 40.95, 1, 9, 43);
INSERT INTO public.grocery_item
(grocery_item_id, actual_price, quantity, monthly_grocery_id, product_id)
VALUES(71, 700.0, 1, 9, 47);
INSERT INTO public.grocery_item
(grocery_item_id, actual_price, quantity, monthly_grocery_id, product_id)
VALUES(23, 123.0, 1, 9, 47);

INSERT INTO ROLE VALUES(1,'ROLE_USER');
INSERT INTO ROLE VALUES(2,'ROLE_ADMIN');



